{
  "project_info": {
    "project_number": "305500267903",
    "firebase_url": "https://shopping-list-da523.firebaseio.com",
    "project_id": "shopping-list-da523",
    "storage_bucket": "shopping-list-da523.appspot.com"
  },
  "client": [
    {
      "client_info": {
        "mobilesdk_app_id": "1:305500267903:android:d9909b0fe04013d415264a",
        "android_client_info": {
          "package_name": "com.example.examfinder"
        }
      },
      "oauth_client": [
        {
          "client_id": "305500267903-una49gbdlcev3059vachhn20pfed4hcs.apps.googleusercontent.com",
          "client_type": 3
        }
      ],
      "api_key": [
        {
          "current_key": "AIzaSyA9T7Y4aKZ10M30KziZAr7gaYMB_TnFCmw"
        }
      ],
      "services": {
        "appinvite_service": {
          "other_platform_oauth_client": [
            {
              "client_id": "305500267903-una49gbdlcev3059vachhn20pfed4hcs.apps.googleusercontent.com",
              "client_type": 3
            }
          ]
        }
      }
    },
    {
      "client_info": {
        "mobilesdk_app_id": "1:305500267903:android:c2002d13e123032615264a",
        "android_client_info": {
          "package_name": "com.example.examfinder"
        }
      },
      "oauth_client": [
        {
          "client_id": "305500267903-una49gbdlcev3059vachhn20pfed4hcs.apps.googleusercontent.com",
          "client_type": 3
        }
      ],
      "api_key": [
        {
          "current_key": "AIzaSyA9T7Y4aKZ10M30KziZAr7gaYMB_TnFCmw"
        }
      ],
      "services": {
        "appinvite_service": {
          "other_platform_oauth_client": [
            {
              "client_id": "305500267903-una49gbdlcev3059vachhn20pfed4hcs.apps.googleusercontent.com",
              "client_type": 3
            }
          ]
        }
      }
    }
  ],
  "configuration_version": "1"
}